{
    "src_lat": -7.550261232598317,
    "src_lon": 110.78210790296636,
    "dst_lat": -8.024431446370416,
    "dst_lon": 110.32971396395838
}